{"playerPosition":{"x":183.4342498779297,"y":13.685954093933106,"z":115.04554748535156},"playerRotation":{"x":4.470348002882929e-8,"y":0.3960442543029785,"z":-0.0000016652045360388002,"w":0.9182314276695252},"currentHealth":100.0,"currentStamina":80,"currentMana":100,"currentExperience":0,"maxHealth":100,"maxStamina":100,"maxMana":100,"maxExperience":100,"monsters":[{"monsterPosition":{"x":119.0,"y":14.638999938964844,"z":172.3000030517578},"monsterRotation":{"x":-0.0007476104074157774,"y":0.9124518036842346,"z":0.0016671449411660433,"w":0.40918010473251345},"monsterHealth":100.0},{"monsterPosition":{"x":151.1999969482422,"y":14.638999938964844,"z":154.5},"monsterRotation":{"x":-0.0010349078802391887,"y":0.9422534108161926,"z":0.0029118021484464409,"w":0.3348865211009979},"monsterHealth":100.0}]}